sku,name,barcode,category_code,uom,type,cost,list_price,purchase_ok,sale_ok,preferred_vendor_code,description
ALM-MILK-1L,Almarai Full Cream Milk 1L,6281007001234,DAIRY,Unit,STOCKABLE,1450,1750,true,true,V-DAIRY,UHT full cream 1 litre
KDD-YOG-170,KDD Natural Yoghurt 170g,6271001001234,DAIRY,Unit,STOCKABLE,350,500,true,true,V-DAIRY,Natural yogurt cup
ALM-CHEESE-500,Almarai Triangle Cheese 8 portions,6281007002345,DAIRY,Unit,STOCKABLE,1200,1500,true,true,V-DAIRY,Processed cheese portions
KDD-CREAM-250,KDD Cooking Cream 250ml,6271001003456,DAIRY,Unit,STOCKABLE,1100,1400,true,true,V-DAIRY,Rich cooking cream
BALADNA-LABN-1L,Baladna Ayran Laban 1L,6281102001111,DAIRY,Unit,STOCKABLE,1000,1250,true,true,V-DAIRY,Refreshing laban drink
KDD-CHOCO-180,KDD Chocolate Milk 180ml,6271001005678,DAIRY,Unit,STOCKABLE,300,450,true,true,V-DAIRY,Kids chocolate milk
ALM-BUTTER-200,Almarai Unsalted Butter 200g,6281007004444,DAIRY,Unit,STOCKABLE,1700,2100,true,true,V-DAIRY,Pure butter block
KDD-FETA-500,KDD White Feta Cheese 500g,6271001007890,DAIRY,Unit,STOCKABLE,2800,3500,true,true,V-DAIRY,White cheese block
PEPSI-330,Pepsi 330ml Can,6112692001234,BEVERAGE,Unit,STOCKABLE,400,500,true,true,V-BEV,Classic cola can
COKE-1.5,Coca-Cola 1.5L,5449000001234,BEVERAGE,Unit,STOCKABLE,900,1250,true,true,V-BEV,Family size cola
WATER-330,Janina Drinking Water 330ml,6260001001111,BEVERAGE,Unit,STOCKABLE,150,250,true,true,V-BEV,Small mineral water bottle
WATER-500,Safia Drinking Water 500ml,6260001002222,BEVERAGE,Unit,STOCKABLE,200,350,true,true,V-BEV,Medium water bottle
PEPSI-DIET-330,Diet Pepsi 330ml Can,6112692002345,BEVERAGE,Unit,STOCKABLE,400,500,true,true,V-BEV,Sugar free cola
MIRINDA-330,Mirinda Orange 330ml Can,6112692003456,BEVERAGE,Unit,STOCKABLE,400,500,true,true,V-BEV,Orange soft drink
SEVEN-UP-330,7Up 330ml Can,6112692004567,BEVERAGE,Unit,STOCKABLE,400,500,true,true,V-BEV,Lemon lime soft drink
RED-BULL-250,Red Bull Energy Drink 250ml,9041600123456,BEVERAGE,Unit,STOCKABLE,1500,2000,true,true,V-BEV,Energy drink can
RC-COLA-1L,RC Cola 1L Bottle,6112692005678,BEVERAGE,Unit,STOCKABLE,600,800,true,true,V-BEV,1 litre cola bottle
BARBICAN-MALT,Barbican Malt Beverage Strawberry 330ml,6281001001234,BEVERAGE,Unit,STOCKABLE,500,750,true,true,V-BEV,Non alcoholic malt drink
SAMOON-BAG,Fresh Samoon 10 pieces,,BAKERY,Unit,STOCKABLE,1000,1500,true,true,V-BAKE,Traditional Iraqi samoon bag
BREAD-LOAF,Arabic Flat Bread 5 loaves,,BAKERY,Unit,STOCKABLE,750,1000,true,true,V-BAKE,Fresh khubz bundle
CROISSANT-CHOC,Chocolate Croissant Individual,,BAKERY,Unit,STOCKABLE,500,750,true,true,V-BAKE,Filled pastry snack
CAKE-SLICE,Marble Cake Slice,,BAKERY,Unit,STOCKABLE,400,600,true,true,V-BAKE,Sponge cake slice
SAMOON-BURGER,Burger Buns 4 pack,,BAKERY,Unit,STOCKABLE,1200,1600,true,true,V-BAKE,Soft burger buns
TOMATO-KG,Local Tomato loose,,PRODUCE,kg,STOCKABLE,1500,2000,true,true,V-PROD,Sold by kilogram
CUCUMBER-KG,Local Cucumber loose,,PRODUCE,kg,STOCKABLE,1200,1750,true,true,V-PROD,Fresh green cucumbers
POTATO-KG,Local Potatoes 1kg bag,,PRODUCE,kg,STOCKABLE,1000,1500,true,true,V-PROD,Staple cooking potatoes
ONION-KG,Yellow Onions loose,,PRODUCE,kg,STOCKABLE,900,1300,true,true,V-PROD,Cooking onions
APPLE-GOLD-KG,Golden Delicious Apples 1kg,,PRODUCE,kg,STOCKABLE,2000,2750,true,true,V-PROD,Sweet crisp apples
BANANA-KG,Fresh Bananas 1kg,,PRODUCE,kg,STOCKABLE,1750,2500,true,true,V-PROD,Yellow ripe bananas
LEMON-KG,Fresh Yellow Lemons 1kg,,PRODUCE,kg,STOCKABLE,2200,3000,true,true,V-PROD,Juicy lemons
INDO-40,Indomie Chicken Noodles 40g,8992388123456,DRY,Unit,STOCKABLE,200,350,true,true,V-DRY,Instant noodles chicken flavor
INDO-VEG,Indomie Vegetable Noodles 40g,8992388123789,DRY,Unit,STOCKABLE,200,350,true,true,V-DRY,Instant noodles vegetable flavor
RICE-5KG,Mahmoud Indian Rice 5kg,6285000123456,DRY,Unit,STOCKABLE,8500,10500,true,true,V-DRY,Premium basmati rice bag
SUGAR-1KG,Zer White Sugar 1kg,6281100002222,DRY,Unit,STOCKABLE,1400,1750,true,true,V-DRY,Fine granulated white sugar
OIL-1.8,Afia Sunflower Oil 1.8L,6281000555555,DRY,Unit,STOCKABLE,4200,5250,true,true,V-DRY,Pure sunflower cooking oil
LENTILS-900,Red Lentils 900g pack,6281100003333,DRY,Unit,STOCKABLE,2200,2800,true,true,V-DRY,Cleaned split red lentils
TOMATO-PASTE,Al-Ain Tomato Paste 400g,6291001001111,DRY,Unit,STOCKABLE,1000,1350,true,true,V-DRY,Concentrated tomato paste tin
TEA-450G,Al-Wazeen Black Tea 450g,6281200111222,DRY,Unit,STOCKABLE,4500,5500,true,true,V-DRY,Loose black tea leaves
COFFEE-200G,Nescafe Classic Coffee 200g,7613032123456,DRY,Unit,STOCKABLE,7500,9000,true,true,V-DRY,Instant coffee jar
FLOUR-2KG,White Wheat Flour 2kg bag,,DRY,Unit,STOCKABLE,2000,2500,true,true,V-DRY,All purpose baking flour
CHIPS-LEMON,Lays Potato Chips Lemon 45g,6281002001234,SNACKS,Unit,STOCKABLE,400,500,true,true,V-SNACK,Crispy potato chips lemon
CHIPS-CHILI,Lays Potato Chips Chili 45g,6281002002345,SNACKS,Unit,STOCKABLE,400,500,true,true,V-SNACK,Spicy chili chips
CHIPS-OMAN,Chips Oman 15g,6291003001234,SNACKS,Unit,STOCKABLE,200,300,true,true,V-SNACK,Classic spicy chips
BISCUIT-OREO,Oreo Cookie Pack 38g,7622210123456,SNACKS,Unit,STOCKABLE,350,500,true,true,V-SNACK,Chocolate sandwich cookies
BISCUIT-PARLE,Parle-G Glucose Biscuits 100g,8901063012345,SNACKS,Unit,STOCKABLE,250,400,true,true,V-SNACK,Classic glucose biscuits
CHOCO-GALAXY,Galaxy Smooth Milk Chocolate 40g,5000159123456,SNACKS,Unit,STOCKABLE,750,1000,true,true,V-SNACK,Milk chocolate bar
CHOCO-SNICKERS,Snickers Bar 50g,5000159234567,SNACKS,Unit,STOCKABLE,750,1000,true,true,V-SNACK,Chocolate bar with peanuts
WAFERS-TIFFANY,Tiffany Delights Wafer 90g,6291004001234,SNACKS,Unit,STOCKABLE,500,750,true,true,V-SNACK,Crispy cream wafers
CANDY-MENTOS,Mentos Mint Roll 37.5g,8723400123456,SNACKS,Unit,STOCKABLE,300,500,true,true,V-SNACK,Chewy mint roll
POPCOM-BUTTER,Microwave Popcorn Butter 100g,,SNACKS,Unit,STOCKABLE,750,1000,true,true,V-SNACK,Easy microwave popcorn
FROZEN-CHICKEN,Al-Watania Frozen Whole Chicken 1000g,6281103001234,FROZEN,Unit,STOCKABLE,3800,4500,true,true,V-FROZEN,Frozen whole chicken
FROZEN-FRIES,Americana French Fries 1kg,6281104001234,FROZEN,Unit,STOCKABLE,2500,3200,true,true,V-FROZEN,Crispy potato fries pack
FROZEN-NUGGETS,Americana Chicken Nuggets 400g,6281104002345,FROZEN,Unit,STOCKABLE,3000,3750,true,true,V-FROZEN,Breaded chicken nuggets
FROZEN-BURGER,Beef Burger Patties 10 pack,6281104003456,FROZEN,Unit,STOCKABLE,4500,5500,true,true,V-FROZEN,Frozen beef patties
FROZEN-VEG,Mixed Vegetables 450g,6281104004567,FROZEN,Unit,STOCKABLE,1200,1600,true,true,V-FROZEN,Peas carrots and corn mix
TIDE-1KG,Tide Original Washing Powder 1kg,8001090123456,CLEANING,Unit,STOCKABLE,4500,5750,true,true,V-CLEAN,Laundry washing powder
FAIRY-750ML,Fairy Dishwashing Liquid 750ml,5410076123456,CLEANING,Unit,STOCKABLE,2200,2800,true,true,V-CLEAN,Lemon dishwashing liquid
DETTOL-500,Dettol Antiseptic Disinfectant 500ml,5011417123456,CLEANING,Unit,STOCKABLE,4000,5000,true,true,V-CLEAN,Surface and skin disinfectant
CLOROX-1L,Clorox Bleach 1L,6291005001234,CLEANING,Unit,STOCKABLE,1200,1600,true,true,V-CLEAN,Standard household bleach
SPONGE-SCOUR,Kitchen Sponge Scourer 3 pack,,CLEANING,Unit,STOCKABLE,750,1000,true,true,V-CLEAN,Scouring kitchen sponges
TRASH-BAG,Heavy Duty Trash Bags 30 pcs,,CLEANING,Unit,STOCKABLE,1500,2000,true,true,V-CLEAN,Large garbage bags roll
SOAP-DOVE,Dove Beauty Cream Bar Soap 135g,8712561123456,PERSONAL,Unit,STOCKABLE,1250,1600,true,true,V-PERS,Moisturizing beauty soap
SHAMPOO-CLEAR,Clear Men Anti-Dandruff Shampoo 400ml,5900998123456,PERSONAL,Unit,STOCKABLE,4500,5500,true,true,V-PERS,Scalp care shampoo
TOOTHPASTE-COL,Colgate Total Toothpaste 125ml,8718951123456,PERSONAL,Unit,STOCKABLE,2500,3250,true,true,V-PERS,Fluoride protection toothpaste
TOOTHBRUSH-2P,Colgate Toothbrush Twin Pack,,PERSONAL,Unit,STOCKABLE,1500,2000,true,true,V-PERS,Medium bristle toothbrushes
DEO-AXE,Axe Body Spray Dark Temptation 150ml,8710522123456,PERSONAL,Unit,STOCKABLE,3500,4500,true,true,V-PERS,Fragrance body spray
RAZOR-GILLETTE,Gillette Blue II Plus Razors 5 pack,7702018123456,PERSONAL,Unit,STOCKABLE,2500,3200,true,true,V-PERS,Disposable shaving razors
DIAPERS-PAMP-3,Pampers Baby-Dry Diapers Size 3 58s,8001840123456,BABY,Unit,STOCKABLE,14000,17500,true,true,V-BABY,Infant disposable diapers medium
WIPES-JOHNSON,Johnson Baby Wipes Sensitive 56s,3574661234567,BABY,Unit,STOCKABLE,2000,2600,true,true,V-BABY,Gentle cleaning baby wipes
BABY-OIL-200,Johnson Baby Oil 200ml,3574662345678,BABY,Unit,STOCKABLE,3500,4500,true,true,V-BABY,Moisturizing skin oil
BABY-POWDER,Johnson Baby Powder 200g,3574663456789,BABY,Unit,STOCKABLE,3000,3800,true,true,V-BABY,Soothing body powder
FOIL-ALUM,Aluminium Food Wrap Roll 10m,,HOUSEHOLD,Unit,STOCKABLE,2000,2600,true,true,V-HOUSE,Kitchen baking foil
CLING-FILM,Plastic Cling Film Roll 30m,,HOUSEHOLD,Unit,STOCKABLE,1500,2000,true,true,V-HOUSE,Food wrapping film
BATTERY-AA,Duracell AA Batteries 4 pack,5000394123456,HOUSEHOLD,Unit,STOCKABLE,3000,3800,true,true,V-HOUSE,Alkaline power batteries
LIGHT-BULB-LED,LED Light Bulb 9W E27,,HOUSEHOLD,Unit,STOCKABLE,2000,2600,true,true,V-HOUSE,Energy saving led bulb
CIG-MARL-RED,Marlboro Red Cigarettes Carton Pack,5000210123456,CIG,Unit,STOCKABLE,35000,40000,true,true,V-CIG,Premium red cigarettes
CIG-ROTH-BLUE,Rothmans Blue Cigarettes Pack,5000210234567,CIG,Unit,STOCKABLE,25000,30000,true,true,V-CIG,Smooth filter cigarettes
BAG-PLASTIC,Plastic carry bag,,SERVICE,Unit,SERVICE,0,100,false,true,,POS add-on
DELIVERY,Local delivery fee,,SERVICE,Unit,SERVICE,0,5000,false,true,,B2B delivery
