so_number,sku,qty,unit_price,discount_percent,tax_code,uom
SO-2026-0001,PEPSI-330,48,500,0,VAT10,Unit
SO-2026-0001,SEVEN-UP-330,36,500,0,VAT10,Unit
SO-2026-0001,WATER-500,24,350,0,VAT10,Unit
SO-2026-0001,CHIPS-LEMON,24,500,0,VAT10,Unit
SO-2026-0001,CHIPS-CHILI,24,500,0,VAT10,Unit
SO-2026-0001,BISCUIT-OREO,18,500,0,VAT10,Unit
SO-2026-0001,CHOCO-SNICKERS,18,1000,0,VAT10,Unit
SO-2026-0002,RICE-5KG,12,10500,0,VAT10,Unit
SO-2026-0002,OIL-1.8,18,5250,0,VAT10,Unit
SO-2026-0002,SUGAR-1KG,24,1750,0,VAT10,Unit
SO-2026-0002,TOMATO-PASTE,24,1350,0,VAT10,Unit
SO-2026-0002,FLOUR-2KG,18,2500,0,VAT10,Unit
SO-2026-0002,FROZEN-CHICKEN,12,4500,0,VAT10,Unit
SO-2026-0003,ALM-MILK-1L,36,1750,0,VAT10,Unit
SO-2026-0003,KDD-YOG-170,36,500,0,VAT10,Unit
SO-2026-0003,BALADNA-LABN-1L,24,1250,0,VAT10,Unit
SO-2026-0003,TOMATO-KG,20,2000,0,VAT10,kg
SO-2026-0003,CUCUMBER-KG,20,1750,0,VAT10,kg
SO-2026-0003,ONION-KG,18,1300,0,VAT10,kg
SO-2026-0004,CHIPS-OMAN,48,300,0,VAT10,Unit
SO-2026-0004,BISCUIT-PARLE,36,400,0,VAT10,Unit
SO-2026-0004,WATER-330,24,250,0,VAT10,Unit
SO-2026-0004,KDD-CHOCO-180,36,450,0,VAT10,Unit
SO-2026-0004,CANDY-MENTOS,24,500,0,VAT10,Unit
SO-2026-0005,RED-BULL-250,24,2000,0,VAT10,Unit
SO-2026-0005,WATER-500,36,350,0,VAT10,Unit
SO-2026-0005,PEPSI-DIET-330,24,500,0,VAT10,Unit
SO-2026-0005,BARBICAN-MALT,18,750,0,VAT10,Unit
SO-2026-0006,FLOUR-2KG,24,2500,0,VAT10,Unit
SO-2026-0006,SUGAR-1KG,18,1750,0,VAT10,Unit
SO-2026-0006,ALM-BUTTER-200,12,2100,0,VAT10,Unit
SO-2026-0006,OIL-1.8,12,5250,0,VAT10,Unit
SO-2026-0006,SAMOON-BAG,24,1500,0,VAT10,Unit
SO-2026-0007,TEA-450G,18,5500,0,VAT10,Unit
SO-2026-0007,SUGAR-1KG,24,1750,0,VAT10,Unit
SO-2026-0007,WATER-330,24,250,0,VAT10,Unit
SO-2026-0007,BARBICAN-MALT,24,750,0,VAT10,Unit
SO-2026-0008,COFFEE-200G,6,9000,0,VAT10,Unit
SO-2026-0008,TEA-450G,6,5500,0,VAT10,Unit
SO-2026-0008,BISCUIT-OREO,24,500,0,VAT10,Unit
SO-2026-0008,CHIPS-LEMON,18,500,0,VAT10,Unit
SO-2026-0008,WATER-500,24,350,0,VAT10,Unit
SO-2026-0009,INDO-40,36,350,0,VAT10,Unit
SO-2026-0009,INDO-VEG,24,350,0,VAT10,Unit
SO-2026-0009,PEPSI-330,36,500,0,VAT10,Unit
SO-2026-0009,CHIPS-CHILI,24,500,0,VAT10,Unit
SO-2026-0009,SOAP-DOVE,12,1600,0,VAT10,Unit
SO-2026-0010,TIDE-1KG,8,5750,0,VAT10,Unit
SO-2026-0010,FAIRY-750ML,12,2800,0,VAT10,Unit
SO-2026-0010,DETTOL-500,8,5000,0,VAT10,Unit
SO-2026-0010,CLOROX-1L,12,1600,0,VAT10,Unit
SO-2026-0010,TRASH-BAG,12,2000,0,VAT10,Unit
SO-2026-0011,RICE-5KG,8,10500,0,VAT10,Unit
SO-2026-0011,SUGAR-1KG,18,1750,0,VAT10,Unit
SO-2026-0011,OIL-1.8,12,5250,0,VAT10,Unit
SO-2026-0011,TOMATO-PASTE,18,1350,0,VAT10,Unit
SO-2026-0011,TEA-450G,8,5500,0,VAT10,Unit
SO-2026-0012,PEPSI-330,36,500,0,VAT10,Unit
SO-2026-0012,MIRINDA-330,24,500,0,VAT10,Unit
SO-2026-0012,COKE-1.5,12,1250,0,VAT10,Unit
SO-2026-0012,WATER-500,24,350,0,VAT10,Unit
SO-2026-0013,CHIPS-OMAN,48,300,0,VAT10,Unit
SO-2026-0013,BISCUIT-PARLE,36,400,0,VAT10,Unit
SO-2026-0013,PEPSI-330,36,500,0,VAT10,Unit
SO-2026-0013,WATER-330,24,250,0,VAT10,Unit
SO-2026-0013,POPCOM-BUTTER,18,1000,0,VAT10,Unit
SO-2026-0014,SOAP-DOVE,12,1600,0,VAT10,Unit
SO-2026-0014,TOOTHPASTE-COL,8,3250,0,VAT10,Unit
SO-2026-0014,FOIL-ALUM,8,2600,0,VAT10,Unit
SO-2026-0014,CLING-FILM,12,2000,0,VAT10,Unit
SO-2026-0014,BATTERY-AA,8,3800,0,VAT10,Unit
SO-2026-0015,WATER-500,36,350,0,VAT10,Unit
SO-2026-0015,PEPSI-330,24,500,0,VAT10,Unit
SO-2026-0015,SEVEN-UP-330,18,500,0,VAT10,Unit
SO-2026-0015,RED-BULL-250,12,2000,0,VAT10,Unit
SO-2026-0016,CHIPS-LEMON,24,500,0,VAT10,Unit
SO-2026-0016,CHIPS-CHILI,24,500,0,VAT10,Unit
SO-2026-0016,CHOCO-GALAXY,18,1000,0,VAT10,Unit
SO-2026-0016,WAFERS-TIFFANY,18,750,0,VAT10,Unit
SO-2026-0016,WATER-330,18,250,0,VAT10,Unit
SO-2026-0017,PEPSI-330,36,500,0,VAT10,Unit
SO-2026-0017,SEVEN-UP-330,24,500,0,VAT10,Unit
SO-2026-0017,CHIPS-LEMON,18,500,0,VAT10,Unit
SO-2026-0017,BISCUIT-OREO,18,500,0,VAT10,Unit
SO-2026-0017,WATER-500,18,350,0,VAT10,Unit
SO-2026-0018,TIDE-1KG,6,5750,0,VAT10,Unit
SO-2026-0018,FAIRY-750ML,8,2800,0,VAT10,Unit
SO-2026-0018,FROZEN-FRIES,8,3200,0,VAT10,Unit
SO-2026-0018,FROZEN-NUGGETS,8,3750,0,VAT10,Unit
SO-2026-0018,RICE-5KG,6,10500,0,VAT10,Unit
SO-2026-0019,ALM-MILK-1L,24,1750,0,VAT10,Unit
SO-2026-0019,KDD-YOG-170,24,500,0,VAT10,Unit
SO-2026-0019,TOMATO-KG,15,2000,0,VAT10,kg
SO-2026-0019,CUCUMBER-KG,15,1750,0,VAT10,kg
SO-2026-0019,APPLE-GOLD-KG,12,2750,0,VAT10,kg
SO-2026-0020,CHIPS-OMAN,36,300,0,VAT10,Unit
SO-2026-0020,BISCUIT-PARLE,24,400,0,VAT10,Unit
SO-2026-0020,WATER-330,18,250,0,VAT10,Unit
SO-2026-0020,KDD-CHOCO-180,24,450,0,VAT10,Unit
SO-2026-0020,CANDY-MENTOS,18,500,0,VAT10,Unit
